{
    "WebKit.framework": 1,
    "libz.tbd": 1,
    "SystemConfiguration.framework": 2,
    "CoreTelephony.framework": 2,
    "CoreLocation.framework": 3,
    "ImageIO.framework": 1,
    "AVFoundation.framework": 3,
    "AudioToolbox.framework": 4,
    "AdSupport.framework": 1,
    "CoreMedia.framework": 1,
    "EventKit.framework": 1,
    "EventKitUI.framework": 1,
    "Foundation.framework": 1,
    "MediaPlayer.framework": 1,
    "MessageUI.framework": 1,
    "StoreKit.framework": 1,
    "UIKit.framework": 1,
    "QuartzCore.framework": 2,
    "libiconv.dylib": 1,
    "CoreVideo.framework": 1,
    "CoreImage.framework": 1
}
